amfi_code,scheme_name,fund_house,category,plan,date,as_of_date,overall_rank,fund_score,cagr_1y_pct,cagr_3y_pct,cagr_5y_pct,sharpe_ratio,sortino_ratio,annualized_volatility_pct,alpha_annual_pct,beta,r_squared,expense_ratio_pct,max_drawdown_pct,drawdown_peak_date,drawdown_trough_date,tracking_error_nifty50_pct,tracking_error_nifty100_pct,aum_crore,risk_band,data_status
118955,HDFC Flexicap Growth Direct Plan,HDFC Mutual Fund,Flexi Cap Fund,Direct Growth,2025-12-31,2026-06-25,1,90.875000,2.145054,18.795911,18.486922,1.017452,1.329602,11.873715,8.688810,0.833007,0.921195,0.680000,-13.320980,2026-01-06,2026-03-31,4.050441,4.059471,104342.450000,Moderately High,Observed performance; illustrative AUM
148404,Bank Of India Flexi Cap Growth Direct Plan,Bank of India Mutual Fund,Flexi Cap Fund,Direct Growth,2025-12-31,2026-06-25,2,89.937500,9.298576,23.047694,18.156249,0.934173,1.047075,17.742006,9.753752,1.124361,0.751907,0.460000,-23.729234,2024-12-11,2025-02-28,10.368749,9.039172,117023.860000,High,Observed performance; illustrative AUM
122639,Parag Parikh Flexi Cap Growth Direct Plan,PPFAS Mutual Fund,Flexi Cap Fund,Direct Growth,2025-12-31,2026-06-25,3,81.562500,-2.463826,15.126973,14.784724,0.882296,1.218265,9.811285,7.159342,0.633244,0.777459,0.530000,-17.866886,2021-10-19,2022-06-17,6.712988,6.848658,89559.800000,Moderate,Observed performance; illustrative AUM
120843,Quant Flexi Cap Growth Direct Plan,QUANT Mutual Fund,Flexi Cap Fund,Direct Growth,2025-12-31,2026-06-25,4,81.250000,13.549320,20.525945,17.144073,0.851781,1.077489,16.747842,7.798808,1.067361,0.761174,0.670000,-24.706994,2024-09-27,2025-03-03,9.441732,8.268781,94086.750000,High,Observed performance; illustrative AUM
120492,JM Flexicap Growth Direct Plan,JM FINANCIAL Mutual Fund,Flexi Cap Fund,Direct Growth,2025-12-31,2026-06-25,5,79.750000,0.581936,18.507405,17.711477,0.786682,0.934870,15.724030,6.858507,1.037604,0.815477,0.550000,-22.575278,2024-09-27,2026-03-31,7.975078,6.803002,96558.020000,High,Observed performance; illustrative AUM
140353,Edelweiss Flexi Cap Growth Direct Plan,EDELWEISS Mutual Fund,Flexi Cap Fund,Direct Growth,2025-12-31,2026-06-25,6,78.812500,1.980176,17.218517,15.095999,0.760163,0.944488,14.522905,5.494778,1.024608,0.930288,0.530000,-19.026549,2024-09-26,2025-02-28,5.082948,3.869539,84339.110000,High,Observed performance; illustrative AUM
120564,Aditya Birla Sun Life Flexi Cap Growth Direct Plan,Aditya Birla Sun Life Mutual Fund,Flexi Cap Fund,Direct Growth,2025-12-31,2026-06-25,7,76.125000,5.774709,17.558585,13.347317,0.841166,1.086868,13.298273,6.487206,0.942345,0.939925,0.720000,-20.038274,2021-10-18,2022-06-20,4.145971,3.368685,78180.870000,Moderately High,Observed performance; illustrative AUM
118632,Nippon India Large Cap Growth Direct Plan,Nippon India Mutual Fund,Large Cap Fund,Direct Growth,2025-12-31,2026-06-25,8,75.375000,-0.051559,15.534683,16.087639,0.699219,0.878025,13.486610,4.508570,0.967608,0.963349,0.580000,-15.368026,2024-09-27,2025-02-28,3.592038,2.631756,73618.560000,Moderately High,Observed performance; illustrative AUM
129046,Motilal Oswal Flexi Cap Growth Direct Plan,MOTILAL OSWAL Mutual Fund,Flexi Cap Fund,Direct Growth,2025-12-31,2026-06-25,9,73.750000,-6.245188,19.047296,12.476813,0.775538,1.052752,16.761355,7.746842,1.005062,0.673004,0.870000,-21.548833,2024-12-16,2026-03-23,10.466263,9.628507,85781.020000,High,Observed performance; illustrative AUM
118535,Franklin India Flexi Cap Growth Direct Plan,Franklin Templeton Mutual Fund,Flexi Cap Fund,Direct Growth,2025-12-31,2026-06-25,10,70.562500,-2.337136,15.928916,14.415187,0.732121,0.931482,13.328474,4.900355,0.947525,0.946187,0.760000,-17.652220,2022-01-17,2022-06-20,4.082500,3.188186,67074.980000,Moderately High,Observed performance; illustrative AUM
120046,HSBC Flexi Cap Growth Direct Plan,HSBC Mutual Fund,Flexi Cap Fund,Direct Growth,2025-12-31,2026-06-25,11,70.125000,3.306099,18.545197,14.855987,0.793988,0.985451,15.588480,6.022954,1.061831,0.869205,0.890000,-22.668125,2022-01-17,2022-06-20,7.020224,5.724279,74485.560000,High,Observed performance; illustrative AUM
120392,Invesco India Largecap Growth Direct Plan,INVESCO Mutual Fund,Large Cap Fund,Direct Growth,2025-12-31,2026-06-25,12,70.125000,2.237562,16.206242,14.202309,0.710532,0.914278,14.259573,4.776080,1.006121,0.931744,0.670000,-19.733679,2022-01-17,2022-06-17,4.738304,3.743457,66158.130000,High,Observed performance; illustrative AUM
120586,ICICI Prudential Large Cap Growth Direct Plan,ICICI Prudential Mutual Fund,Large Cap Fund,Direct Growth,2025-12-31,2026-06-25,13,65.750000,-1.196962,14.858177,13.869596,0.695859,0.915298,12.499025,4.495202,0.899239,0.968959,0.720000,-15.393258,2024-09-26,2025-03-04,2.721884,2.609709,63461.720000,Moderately High,Observed performance; illustrative AUM
120166,Kotak Flexicap Growth Direct Plan,Kotak Mutual Fund,Flexi Cap Fund,Direct Growth,2025-12-31,2026-06-25,14,64.812500,0.291978,15.186717,12.744513,0.643233,0.794204,14.374052,3.779430,1.013369,0.930148,0.590000,-17.770891,2022-01-17,2022-06-20,5.010831,3.820983,52276.350000,High,Observed performance; illustrative AUM
119250,DSP Large Cap Growth Direct Plan,DSP Mutual Fund,Large Cap Fund,Direct Growth,2025-12-31,2026-06-25,15,64.250000,-2.711581,14.748524,11.641007,0.706767,0.979650,12.096020,5.043666,0.848312,0.920845,0.720000,-18.775650,2021-10-18,2022-06-17,4.072869,4.003728,66076.020000,Moderately High,Observed performance; illustrative AUM
119076,DSP Flexi Cap Growth Direct Plan,DSP Mutual Fund,Flexi Cap Fund,Direct Growth,2025-12-31,2026-06-25,16,62.875000,0.759410,15.137041,12.118827,0.650078,0.814678,14.089552,4.118942,0.959690,0.868695,0.570000,-22.850431,2021-10-18,2022-06-17,6.180973,5.157636,55182.520000,High,Observed performance; illustrative AUM
118479,Bandhan Large Cap Growth Direct Plan,BANDHAN Mutual Fund,Large Cap Fund,Direct Growth,2025-12-31,2026-06-25,17,58.187500,1.318746,14.893374,12.807630,0.652020,0.873980,13.275796,4.113120,0.944556,0.936136,0.760000,-19.418144,2022-01-17,2022-06-17,4.035804,3.475172,49003.970000,Moderately High,Observed performance; illustrative AUM
118275,Canara Robeco Flexi Cap Growth Direct Plan,Canara Robeco Mutual Fund,Flexi Cap Fund,Direct Growth,2025-12-31,2026-06-25,18,55.125000,-0.010427,13.901658,12.076100,0.595322,0.768397,13.353874,3.307281,0.952213,0.951379,0.510000,-18.953741,2022-01-17,2022-06-17,3.974271,3.030454,52793.060000,Moderately High,Observed performance; illustrative AUM
144546,Tata Flexi Cap Growth Direct Plan,TATA Mutual Fund,Flexi Cap Fund,Direct Growth,2025-12-31,2026-06-25,19,54.687500,-2.883407,13.828895,11.533935,0.616385,0.774272,12.641819,3.929503,0.872769,0.892332,0.590000,-18.081919,2021-10-18,2022-06-20,5.190052,4.518548,47833.130000,Moderately High,Observed performance; illustrative AUM
141925,Axis Flexi Cap Growth Direct Plan,AXIS Mutual Fund,Flexi Cap Fund,Direct Growth,2025-12-31,2026-06-25,20,52.937500,2.805950,14.875786,11.107153,0.628608,0.791626,13.918368,4.044639,0.957323,0.876070,0.750000,-22.767237,2021-10-14,2022-06-17,5.910081,4.983087,40078.580000,Moderately High,Observed performance; illustrative AUM
118269,Canara Robeco Large Cap Growth Direct Plan,Canara Robeco Mutual Fund,Large Cap Fund,Direct Growth,2025-12-31,2026-06-25,21,50.187500,-2.605019,12.894188,11.326796,0.539477,0.709936,12.946546,2.438650,0.935687,0.977731,0.460000,-17.344398,2021-10-18,2022-06-17,2.477325,2.132522,41348.160000,Moderately High,Observed performance; illustrative AUM
120152,Kotak Large Cap Growth Direct Plan,Kotak Mutual Fund,Large Cap Fund,Direct Growth,2025-12-31,2026-06-25,22,49.875000,-0.850201,13.373427,11.781039,0.569351,0.746712,13.055772,2.728054,0.943488,0.977631,0.650000,-17.354857,2021-10-18,2022-06-17,2.676809,2.109544,39351.320000,Moderately High,Observed performance; illustrative AUM
118424,Bandhan Flexi Cap Growth Direct Plan,BANDHAN Mutual Fund,Flexi Cap Fund,Direct Growth,2025-12-31,2026-06-25,23,48.000000,0.581756,14.319910,11.943205,0.631751,0.801522,12.804685,4.003364,0.911856,0.937883,0.900000,-20.575789,2022-01-17,2022-06-17,4.126511,3.445145,37475.360000,Moderately High,Observed performance; illustrative AUM
119292,Union Flexicap Growth Direct Plan,Union Mutual Fund,Flexi Cap Fund,Direct Growth,2025-12-31,2026-06-25,24,47.000000,1.298473,14.103663,12.659437,0.593294,0.718126,13.815831,3.316369,0.964242,0.911593,0.840000,-18.922470,2022-01-17,2022-06-20,5.265787,4.156024,36015.830000,Moderately High,Observed performance; illustrative AUM
118617,Edelweiss Large Cap Growth Direct Plan,EDELWEISS Mutual Fund,Large Cap Fund,Direct Growth,2025-12-31,2026-06-25,25,42.125000,-1.342420,12.662985,12.250397,0.519340,0.666131,13.035295,2.079533,0.940750,0.973881,0.670000,-17.259615,2021-10-18,2022-06-20,2.901149,2.268525,32896.870000,Moderately High,Observed performance; illustrative AUM
119160,Tata Large Cap Growth Direct Plan,TATA Mutual Fund,Large Cap Fund,Direct Growth,2025-12-31,2026-06-25,26,41.687500,1.375404,13.367407,12.147654,0.547533,0.691855,13.735919,2.267282,0.985979,0.964533,0.830000,-17.065360,2021-10-18,2022-06-17,3.577592,2.605569,30884.680000,Moderately High,Observed performance; illustrative AUM
120264,LIC MF Flexi Cap Growth Direct Plan,LIC Mutual Fund,Flexi Cap Fund,Direct Growth,2025-12-31,2026-06-25,27,37.500000,7.113752,14.034082,11.465844,0.549333,0.679150,15.158823,3.129547,0.972160,0.770060,0.950000,-23.222428,2024-09-27,2025-03-03,8.226705,7.310906,30733.780000,High,Observed performance; illustrative AUM
119528,Aditya Birla Sun Life Large Cap Growth Direct Plan,Aditya Birla Sun Life Mutual Fund,Large Cap Fund,Direct Growth,2025-12-31,2026-06-25,28,34.625000,-2.873230,12.412859,11.543332,0.508205,0.668524,12.858010,1.958747,0.929731,0.978766,0.810000,-16.737052,2021-10-18,2022-06-20,2.502569,2.115357,34474.120000,Moderately High,Observed performance; illustrative AUM
119598,SBI Large Cap Growth Direct Plan,SBI Mutual Fund,Large Cap Fund,Direct Growth,2025-12-31,2026-06-25,29,34.500000,2.660264,12.286976,11.999125,0.502992,0.670202,12.347554,2.363566,0.884922,0.950010,0.790000,-16.382706,2021-10-18,2022-06-17,3.336535,3.206927,28207.870000,Moderately High,Observed performance; illustrative AUM
146549,Mahindra Manulife Large Cap Growth Direct Plan,MAHINDRA MUTUAL FUND,Large Cap Fund,Direct Growth,2025-12-31,2026-06-25,30,34.500000,-3.852456,12.257320,10.872570,0.496108,0.651141,12.895582,1.721747,0.927642,0.968973,0.630000,-16.730569,2022-01-17,2022-06-17,2.602684,2.488649,30842.320000,Moderately High,Observed performance; illustrative AUM
118825,Mirae Asset Large Cap Growth Direct Plan,Mirae Asset Mutual Fund,Large Cap Fund,Direct Growth,2025-12-31,2026-06-25,31,32.500000,-0.351270,11.493817,10.289084,0.435802,0.579975,13.145959,1.029856,0.946659,0.970711,0.490000,-17.436603,2021-10-18,2022-06-17,2.712698,2.375842,24341.390000,Moderately High,Observed performance; illustrative AUM
119018,HDFC Large Cap Growth Direct Plan,HDFC Mutual Fund,Large Cap Fund,Direct Growth,2025-12-31,2026-06-25,32,31.500000,-1.193768,12.570920,12.869550,0.503843,0.641175,13.399514,1.876218,0.962605,0.965827,0.990000,-16.364564,2024-09-26,2025-03-04,2.798939,2.540976,23439.510000,Moderately High,Observed performance; illustrative AUM
120030,HSBC Large Cap Growth Direct Plan,HSBC Mutual Fund,Large Cap Fund,Direct Growth,2025-12-31,2026-06-25,33,28.125000,0.762056,12.928075,11.057260,0.509662,0.645958,14.064549,1.673816,1.004862,0.955756,1.020000,-19.268253,2022-01-17,2022-06-17,3.796926,2.972083,23633.210000,High,Observed performance; illustrative AUM
118531,Franklin India Large Cap Growth Direct Plan,Franklin Templeton Mutual Fund,Large Cap Fund,Direct Growth,2025-12-31,2026-06-25,34,28.000000,-2.132804,12.290249,9.628331,0.508740,0.704658,12.584557,1.740414,0.885533,0.923707,0.940000,-18.358437,2021-11-09,2022-06-17,3.769849,3.827693,25308.720000,Moderately High,Observed performance; illustrative AUM
133839,PGIM India Flexi Cap Growth Direct Plan,PGIM India Mutual Fund,Flexi Cap Fund,Direct Growth,2025-12-31,2026-06-25,35,27.750000,0.755251,11.872388,10.682410,0.454052,0.596562,13.483592,1.544915,0.932024,0.894732,0.560000,-22.554954,2022-01-17,2022-06-20,5.371795,4.491834,24510.520000,Moderately High,Observed performance; illustrative AUM
119718,SBI Flexicap Growth Direct Plan,SBI Mutual Fund,Flexi Cap Fund,Direct Growth,2025-12-31,2026-06-25,36,20.937500,-0.600163,10.765509,10.096644,0.395469,0.496902,12.251273,0.579085,0.862638,0.915157,0.830000,-16.604729,2021-10-18,2022-06-20,4.587094,4.067571,23757.980000,Moderately High,Observed performance; illustrative AUM
120465,Axis Large Cap Growth Direct Plan,AXIS Mutual Fund,Large Cap Fund,Direct Growth,2025-12-31,2026-06-25,37,18.812500,-1.616133,11.021087,8.119111,0.406892,0.553128,12.529075,1.027408,0.896004,0.947345,0.750000,-21.623114,2021-10-14,2022-06-17,3.254741,3.235901,18751.760000,Moderately High,Observed performance; illustrative AUM
120267,LIC MF Large Cap Growth Direct Plan,LIC Mutual Fund,Large Cap Fund,Direct Growth,2025-12-31,2026-06-25,38,12.250000,-4.557066,10.112872,8.871086,0.330555,0.430392,13.685653,-0.608821,0.977184,0.954555,0.860000,-19.157885,2021-10-18,2022-06-17,3.800239,2.947030,20796.090000,Moderately High,Observed performance; illustrative AUM
120656,UTI Large Cap Growth Direct Plan,UTI Mutual Fund,Large Cap Fund,Direct Growth,2025-12-31,2026-06-25,39,9.500000,-4.538801,10.080207,9.158742,0.349703,0.475965,12.343609,0.376169,0.880756,0.953145,1.170000,-19.218080,2022-01-17,2022-06-17,2.913329,3.144576,21894.840000,Moderately High,Observed performance; illustrative AUM
120662,UTI Flexi Cap Growth Direct Plan,UTI Mutual Fund,Flexi Cap Fund,Direct Growth,2025-12-31,2026-06-25,40,3.750000,-4.981953,8.854636,6.766361,0.252286,0.354520,12.762228,-0.310501,0.834781,0.801331,1.000000,-25.551723,2021-11-16,2022-06-17,6.418341,6.147207,17907.820000,Moderately High,Observed performance; illustrative AUM
